label,mean_throughput,std_throughput,success_rate,mean_ISR,mean_CSR,mean_ep_length
Berlin_1_256_a8,0.01854,0.001112,1.0,1.0,1.0,109.0
Boston_0_256_a8,0.015566,0.000484,1.0,0.5,0.0,191.375
Berlin_1_256_a16,0.025587,0.000642,1.0,0.875,0.0,135.25
Berlin_1_256_a32,0.042777,0.001847,1.0,0.875,0.0,161.583333
Boston_0_256_a16,0.035992,0.000178,1.0,0.5,0.0,196.5
Paris_1_256_a8,0.022835,0.000983,1.0,0.875,0.0,149.0
Boston_0_256_a32,0.055516,0.003737,1.0,0.625,0.0,188.5
Paris_1_256_a16,0.034734,0.00218,1.0,0.875,0.0,160.375
brc202d_a8,0.024045,0.001055,1.0,0.5,0.0,163.5
Paris_1_256_a32,0.072058,0.004519,1.0,0.75,0.0,168.666667
den312d_a8,0.469217,0.003161,1.0,1.0,1.0,73.5
brc202d_a16,0.066757,0.007909,1.0,0.4375,0.0,196.0625
den312d_a16,0.28647,0.025335,1.0,1.0,1.0,59.9375
den312d_a32,0.326718,0.027625,1.0,1.0,1.0,56.572917
brc202d_a32,0.134203,0.008005,1.0,0.28125,0.0,220.333333
empty-16-16_a8,3.025921,0.118288,1.0,1.0,1.0,10.5
empty-16-16_a16,5.135206,0.041082,1.0,1.0,1.0,10.0
empty-16-16_a32,7.888195,1.20301,1.0,1.0,1.0,11.270833
empty-32-32_a8,1.61177,0.029388,1.0,1.0,1.0,22.375
den520d_a8,0.068204,0.004973,1.0,0.875,0.0,165.0
empty-32-32_a16,2.09845,0.026823,1.0,1.0,1.0,23.1875
empty-32-32_a32,3.325164,0.061757,1.0,1.0,1.0,20.9375
den520d_a16,0.165452,0.008022,1.0,0.75,0.0,180.270833
empty-48-48_a8,1.475203,0.032326,1.0,1.0,1.0,25.0
empty-8-8_a8,4.869877,0.068775,1.0,1.0,1.0,8.083333
empty-8-8_a16,9.563132,0.838596,1.0,1.0,1.0,6.916667
empty-48-48_a16,2.34601,0.163264,1.0,1.0,1.0,23.958333
empty-8-8_a32,5.500018,0.55823,1.0,1.0,1.0,8.729167
empty-48-48_a32,2.02084,0.075098,1.0,1.0,1.0,28.40625
den520d_a32,0.412019,0.038499,1.0,0.864583,0.0,158.15625
ht_chantry_a8,0.299224,0.007819,1.0,1.0,1.0,87.125
ht_chantry_a16,0.517705,0.013025,1.0,1.0,1.0,77.25
ht_mansion_n_a8,0.281749,0.017359,1.0,1.0,1.0,98.458333
ht_chantry_a32,0.619865,0.02893,1.0,1.0,1.0,77.40625
ht_mansion_n_a16,0.312552,0.014946,1.0,1.0,1.0,95.645833
ht_mansion_n_a32,0.49052,0.014572,1.0,1.0,1.0,87.489583
lak303d_a8,0.129173,0.004642,1.0,0.75,0.0,140.125
lak303d_a16,0.257578,0.008413,1.0,0.75,0.0,157.75
lt_gallowstemplar_n_a8,0.201743,0.003237,1.0,1.0,1.0,128.375
lak303d_a32,0.443392,0.013033,1.0,0.84375,0.0,154.645833
lt_gallowstemplar_n_a16,0.325836,0.015419,1.0,1.0,1.0,102.9375
maze-128-128-1_a8,0.17906,0.006712,1.0,0.25,0.0,222.625
lt_gallowstemplar_n_a32,0.490736,0.029533,1.0,1.0,1.0,110.083333
maze-128-128-1_a16,0.261279,0.005196,1.0,0.3125,0.0,233.5
maze-128-128-1_a32,0.422199,0.016501,1.0,0.385417,0.0,219.28125
maze-128-128-10_a8,0.131564,0.002292,1.0,0.625,0.0,184.875
maze-128-128-10_a16,0.240731,0.005099,1.0,0.6875,0.0,178.875
maze-128-128-10_a32,0.428081,0.010481,1.0,0.625,0.0,183.302083
maze-128-128-2_a8,0.157816,0.006018,1.0,0.125,0.0,226.625
maze-32-32-2_a8,0.871366,0.012831,1.0,1.0,1.0,42.875
maze-128-128-2_a16,0.320175,0.01174,1.0,0.1875,0.0,219.0625
maze-32-32-2_a16,1.223744,0.011077,1.0,1.0,1.0,43.708333
maze-32-32-4_a8,0.787035,0.000489,1.0,1.0,1.0,40.5
maze-128-128-2_a32,0.284063,0.199234,1.0,0.09375,0.0,237.59375
maze-32-32-4_a16,0.023725,0.004883,1.0,1.0,1.0,51.0625
maze-32-32-2_a32,0.026708,0.001995,1.0,1.0,1.0,58.84375
maze-32-32-4_a32,33.689332,22.144252,1.0,1.0,1.0,53.0625
orz900d_a8,0.044685,0.001756,1.0,0.25,0.0,216.875
orz900d_a16,0.088393,0.001541,1.0,0.125,0.0,236.4375
orz900d_a32,0.158467,0.000989,1.0,0.15625,0.0,232.375
ost003d_a8,1.966925,0.033751,1.0,0.875,0.0,107.625
ost003d_a16,3.619862,0.110511,1.0,0.875,0.0,126.5
ost003d_a32,5.689616,0.166588,1.0,0.75,0.0,148.75
random-32-32-10_a8,23.119717,2.257094,1.0,1.0,1.0,27.125
random-32-32-10_a16,41.440268,6.902565,1.0,1.0,1.0,26.1875
random-32-32-10_a32,90.888626,8.642237,1.0,1.0,1.0,24.96875
random-32-32-20_a8,37.26887,3.343067,1.0,1.0,1.0,22.875
random-32-32-20_a16,47.11419,8.892852,1.0,1.0,1.0,23.4375
random-32-32-20_a32,92.036014,7.327012,1.0,1.0,1.0,21.8125
random-64-64-10_a8,11.962171,0.852859,1.0,1.0,1.0,44.875
random-64-64-10_a16,25.75288,1.007539,1.0,1.0,1.0,42.25
random-64-64-10_a32,39.840337,1.012638,1.0,1.0,1.0,38.625
random-64-64-20_a8,11.269109,0.571545,1.0,1.0,1.0,46.0
random-64-64-20_a16,21.768076,2.097798,1.0,1.0,1.0,46.4375
random-64-64-20_a32,37.286155,3.499082,1.0,1.0,1.0,42.90625
room-32-32-4_a8,31.412082,5.338859,1.0,1.0,1.0,33.375
room-32-32-4_a16,48.122405,1.440042,1.0,1.0,1.0,32.9375
room-32-32-4_a32,88.390952,6.267644,1.0,1.0,1.0,28.96875
room-64-64-16_a8,12.359144,1.289395,1.0,1.0,1.0,50.375
room-64-64-16_a16,22.687567,1.918853,1.0,1.0,1.0,45.625
room-64-64-16_a32,25.571144,1.178795,1.0,1.0,1.0,70.875
room-64-64-8_a8,14.883784,1.400997,1.0,1.0,1.0,53.5
room-64-64-8_a16,23.066623,0.633728,1.0,1.0,1.0,49.1875
room-64-64-8_a32,36.083356,2.111848,1.0,1.0,1.0,56.5
w_woundedcoast_a8,0.290767,0.00119,1.0,0.125,0.0,241.0
w_woundedcoast_a16,0.511149,0.0012,1.0,0.1875,0.0,234.6875
w_woundedcoast_a32,0.827481,0.012599,1.0,0.1875,0.0,235.21875
warehouse-10-20-10-2-1_a8,5.546826,0.412764,1.0,1.0,1.0,62.5
warehouse-10-20-10-2-1_a16,11.47498,0.746927,1.0,1.0,1.0,70.625
warehouse-10-20-10-2-1_a32,20.509554,1.053871,1.0,1.0,1.0,79.03125
warehouse-10-20-10-2-2_a8,4.005925,0.244968,1.0,1.0,1.0,94.625
warehouse-10-20-10-2-2_a16,7.435737,0.344779,1.0,1.0,1.0,106.625
warehouse-10-20-10-2-2_a32,12.056403,0.520424,1.0,1.0,1.0,110.1875
warehouse-20-40-10-2-1_a8,1.067185,0.020889,1.0,0.75,0.0,200.5
warehouse-20-40-10-2-1_a16,2.017061,0.031312,1.0,0.6875,0.0,183.6875
warehouse-20-40-10-2-1_a32,3.725233,0.041654,1.0,0.75,0.0,164.375
warehouse-20-40-10-2-2_a8,0.440321,0.001635,1.0,0.75,0.0,153.125
warehouse-20-40-10-2-2_a16,0.858148,0.029162,1.0,0.875,0.0,132.125
warehouse-20-40-10-2-2_a32,1.651015,0.020225,1.0,0.8125,0.0,136.90625
